Category,Subcategory,SKU,Product,Verified Cost,Source Guide,Source Page
Lighting,20 SPOTLIGHTS,10212,"Sensor Intake Manifold Beetle, Pressor Renault/Micra/ Juke/Qashqai",158.38,August Buyer's Guide,20
Tools & Workshop,20 HAND TOOLS,1030,"Caulking Hex Bit Set 1/2""",74.96,March Buyer's Guide,20
Parts,8 AUTOMOTIVE ELECTRICAL,10339,Off Valve Idle Speed Control Astra/Kadett (F&G)Corsa (B),103.48,March Buyer's Guide,8
Auto Electrical,20 RELAYS,1034-H-10,Single 10pce 12V Bulbs DC Offset 21/5W 12V,22.09,July Buyer's Guide,20
Lighting,8 AUTOMOTIVE ELECTRICAL,1034LED,Globes 12V White 1034 LED Globe 13SMD,42.76,March Buyer's Guide,8
Parts,AUTOMOTIVE ELECTRICAL 7,10561,Intake Manifold Sensor Audi Caddy/Golf/- Jetta 5-6/Polo,112.11,March Buyer's Guide,7
Lighting,8 AUTOMOTIVE ELECTRICAL,1073-48-10,10pce 48V 25W Clear Single Contact Bayonet Globes BA15S,72.55,March Buyer's Guide,8
Lighting,20 RELAYS,1073-H-10,Amber 10pce 12V Bulbs Single Globes Contact 21W 1,22.24,July Buyer's Guide,20
Lighting,20 RELAYS,1073A-10,Amber 10pce 12V 21W Amber Globes Single Contact Globes,24.16,July Buyer's Guide,20
Lighting,20 RELAYS,1073BP,Single Contact Globes 21W 12V P21W BA15S 12V,6.64,July Buyer's Guide,20
Lighting,GLOBE & GLOBE HOLDERS 21,1073LED,Festoon 12V White 1073 LED Globe 13SMD,46.38,July Buyer's Guide,21
Accessories,SPARE PARTS 9,11008,Thermostat Hyundai A3 1.8 J2/Nissan TD25/27 Degr Echlin:2254M,66.81,March Buyer's Guide,9
Tools & Workshop,14 HAND TOOLS,110103,Joint 250mm Straight Jaw Locking Pliers,57.22,March Buyer's Guide,14
Tools & Workshop,14 HAND TOOLS,110203,"10""(250mm) Curved Locking Pliers",103.08,March Buyer's Guide,14
Tools & Workshop,14 HAND TOOLS,110313,"Curved Jaw 9""/225mm Long Nose Locking Pliers Material:CR-V Steel",62.91,March Buyer's Guide,14
Parts,10 SPARE PARTS,11049,"A3 Audi Clutch Cable Fitment IV Bracket For VW Golf, And Velocity",93.73,March Buyer's Guide,10
Tools & Workshop,14 HAND TOOLS,110501,"Nose 10""/250mm Sheet Locking Plier",108.25,March Buyer's Guide,14
Tools & Workshop,26 MEASURING TOOLS,110601,"9""/225mm Welding Locking Pliers",101.83,March Buyer's Guide,26
Tools & Workshop,14 HAND TOOLS,110718,"Metal 18""/450mm C-Clamp Locking Plier With",123.98,March Buyer's Guide,14
Tools & Workshop,14 HAND TOOLS,110901,C-Clamp 250mm Chain Type Anvil Locking Plier,136.8,March Buyer's Guide,14
Auto Electrical,RELAYS 17,111C,Spot Lamp Set Clear RH Fits,101.32,Feb Buyer's Guide,17
Lighting,6 GAUGES,111NBL,Set Neon Blue Spotlights,120.0,March Buyer's Guide,6
Tools & Workshop,14 HAND TOOLS,112002,4pce Locking Pliers,253.89,March Buyer's Guide,14
Parts,10 SPARE PARTS,11219,VW 5 Clutch Bracket Rod Golf/Jetta/Caddy/MK1,83.82,March Buyer's Guide,10
Accessories,SPARE PARTS 9,11255,Hyundai Thermostat Renault 82 Clio/Megane/Scenic Degree Echlin:2142M,59.51,March Buyer's Guide,9
Tools & Workshop,6 GAUGES,11329,"Resister Aircon Blower Ford Focus/Mondeo, Citroen",80.88,March Buyer's Guide,6
Parts,ADHESIVE TAPES 33,1156330,Hacksaw Blades Per Dozen,24.58,Feb Buyer's Guide,33
Accessories,SPARE PARTS 9,11758,Radiator Cap Chevrolet/Opel 1.4Bar Echlin None,49.39,March Buyer's Guide,9
Parts,SPARE PARTS 11,11947,Bearing Front Wheel Hub Ford Lazer P3,266.92,March Buyer's Guide,11
Accessories,WHEEL ACCESSORIES 25,12-1.25,Single Chrome Allen Wheel Bolt 12mmx1.25mm,72.0,July Buyer's Guide,25
Tools & Workshop,14 HAND TOOLS,120101,"Pliers 225mm Revolving Punch Plier 2, 2.5, 3, 4, 4.5",121.03,March Buyer's Guide,14
Tools & Workshop,14 HAND TOOLS,120105,"Belt 170mm Revoling 3, 3.5, Pliers With Clips Thickness:1.5mm",118.91,March Buyer's Guide,14
Auto Electrical,6 GAUGES,1203,Bakelite Fuse Holder *Fuse Not Included,5.5,March Buyer's Guide,6
Parts,10 SPARE PARTS,12424,Tappet Breather Hose Golf 1 V-VI-GTI,137.84,March Buyer's Guide,10
Parts,SPARE PARTS 9,12553,Front Lh Exhaust Manifold Opel Astra-Corsa-Kadett,54.32,March Buyer's Guide,9
Parts,8 ELECTRICAL SPARES,12579,(Oval) Speedo Sensor Ford Fiesta/Figo/Focus/Fusion,178.51,May Buyers Guide,8
Parts,8 AUTOMOTIVE ELECTRICAL,12585,Valve Idle Speed Control (F&G)Corsa Ford Rocam All,722.99,March Buyer's Guide,8
Parts,SPARE PARTS 11,12854,(L/H) Engine Mounting Rear Corsa Front,290.38,March Buyer's Guide,11
Accessories,12 WHEEL ACCESSORIES,12TTS,12 Ton Heavy Duty Jack Trestle Stands Pair,1350.18,March Buyer's Guide,12
Tools & Workshop,14 HAND TOOLS,130203,Punch 450mm Bolt Cutter Steel Drop Forged,159.3,March Buyer's Guide,14
Tools & Workshop,14 HAND TOOLS,130204,CR-V 24Inch Mini Bolt,216.86,March Buyer's Guide,14
Tools & Workshop,HAND TOOLS 15,130206,26”/900mm Bolt,368.41,March Buyer's Guide,15
Tools & Workshop,HAND TOOLS 15,130401,200mm Mini Bolt Cutters,59.38,March Buyer's Guide,15
Auto Electrical,IGNITION SWITCHES 23,13381,Gear Lever Housing Bush Golf 1/Citi/Fox/Caddy,183.71,May Buyers Guide,23
Parts,8 AUTOMOTIVE ELECTRICAL,13686,Valve Non-Return Valve (13mm) Opel Corsa Astra (G),11.44,March Buyer's Guide,8
Parts,SPARE PARTS 11,13920,Mounting Strut Golf/ Jetta IV Rear,167.47,March Buyer's Guide,11
Accessories,WHEEL ACCESSORIES 25,14-15,Wheel Single Chrome Allen Wheel Bolt 14mmx- 1.50mm,10.91,July Buyer's Guide,25
Accessories,28 WHEEL ACCESSORIES,14-15-1.25,Allen Cap Bolts 14X1.25mm Chrome,9.7,Feb Buyer's Guide,28
Accessories,WHEEL ACCESSORIES 25,14-15L,Single Chrome Allen Wheel Bolt 14mmx- 1.50mm,82.0,July Buyer's Guide,25
Auto Spares,WHEEL ACCESSORIES,14-15L-1.25,Long Chrome Allen Cap Bolts 14X1.25mm,12.42,September Buyer's Guide,22
Auto Electrical,6 GAUGES,14003,Blower 7Pin Fuel Pump Relay 12V 40A Golf IV,172.1,March Buyer's Guide,6
Tools & Workshop,HAND TOOLS 15,140302,Cutter 200mm Multifunction Electrician's Scissors,116.18,March Buyer's Guide,15
Tools & Workshop,HAND TOOLS 15,140304,200mm Heavy Duty Scissors Crimping Pliers &,112.13,March Buyer's Guide,15
Tools & Workshop,HAND TOOLS 15,140501,"Duty 7""/170mm Automatic & Strippers Wire Stripper",98.79,March Buyer's Guide,15
Tools & Workshop,HAND TOOLS 15,140502,Adjustable Wire,28.91,March Buyer's Guide,15
Tools & Workshop,HAND TOOLS 15,140601,Strippers 150mm Cable Cutter,55.33,March Buyer's Guide,15
Tools & Workshop,HAND TOOLS 15,140603,Cutter 250mm Cable Cutters Ideal For Cutting Copper/Aluminum,94.0,March Buyer's Guide,15
Tools & Workshop,HAND TOOLS 15,140606,600mm Cable Cutter Cutters,359.47,March Buyer's Guide,15
Tools & Workshop,30 PLIERS,140702,"6""(160mm) Diagonal Pliers Cutting Pliers For And Soft Cable Wire",59.36,August Buyer's Guide,30
Tools & Workshop,HAND TOOLS 15,140711,4.5Inch Mini Electrical Pliers,31.83,March Buyer's Guide,15
Tools & Workshop,HAND TOOLS 29,140720,Stainless Steel Tweezers For Straight Nose L:12.3.cm Welding W:18G,23.12,August Buyer's Guide,29
Tools & Workshop,HAND TOOLS 29,140721,Hacksaw Stainless Steel Tweezers Bent Nose L:12.3cm W:18G,23.79,August Buyer's Guide,29
Tools & Workshop,30 PLIERS,140802,4P/6P/8P Modular Crimping Pliers And Strippers Material: Steel & PVC Handle,201.26,August Buyer's Guide,30
Tools & Workshop,30 PLIERS,140803,Pliers 200mm Crimping 8P8C,74.13,August Buyer's Guide,30
Auto Electrical,HAND TOOLS 15,140805,"10.5""(265mm) Ratchet And Wire Terminal Crimping 1.5-16mm² Awg:16-5Awg",182.33,March Buyer's Guide,15
Tools & Workshop,HAND TOOLS 15,140812,"Ratchet 2In1 Modular Telephone Pliers, Plug Crimper",115.72,March Buyer's Guide,15
Auto Electrical,HAND TOOLS 15,140813,Telephone Tube Terminal Crimping Pliers,235.63,March Buyer's Guide,15
Parts,AUTOMOTIVE ELECTRICAL 7,14163,"Position Air Flow Sensor Quan- 4 1.6, tum/D4D",463.31,March Buyer's Guide,7
Accessories,4 4X4 AND OUTDOOR,1435L,Lock Left Hand Mirror For MK178-88,97.06,March Buyer's Guide,4
Accessories,4 4X4 AND OUTDOOR,1435R,For Golf Right Hand Mirror Golf MK1 78-88,96.37,March Buyer's Guide,4
Parts,AUTOMOTIVE ELECTRICAL 7,14967,Bosch Solenoids ta All 3 Bolt,254.12,March Buyer's Guide,7
Parts,24 AIR FILTERS,14IFF,Filter 8mm Fuel Filter Inline 1/4,97.07,Feb Buyer's Guide,24
Accessories,WHEEL ACCESSORIES 25,15-15,Single Chrome Allen Wheel Bolt 12mmx1.50mm,42.0,July Buyer's Guide,25
Accessories,WHEEL ACCESSORIES 25,15-15L,Bolt 12X1.5X35mm(Long) Allen Key Bolt,12.65,July Buyer's Guide,25
Tools & Workshop,22 CLAMPS,150101,"Adjustable 8""/200mm Pipe Heavy Duty 8-200mm",53.65,March Buyer's Guide,22
Tools & Workshop,22 CLAMPS,150102,"Wrench 10""/250mm Heavy 8-200mm Pipe Wrench",61.63,March Buyer's Guide,22
Tools & Workshop,22 CLAMPS,150103,"Duty 12""/300mm Heavy Pipe Wrench",73.86,March Buyer's Guide,22
Tools & Workshop,22 CLAMPS,150105,"Duty 18""/450mm Heavy Pipe Wrench",143.26,March Buyer's Guide,22
Tools & Workshop,22 CLAMPS,150122,"10""/250mm Pipe Offset",64.58,March Buyer's Guide,22
Tools & Workshop,22 CLAMPS,150123,"Wrench 12"" Pipe Wrench",93.13,March Buyer's Guide,22
Tools & Workshop,22 CLAMPS,150125,Pipe Wrench Offset Offset 450mm/18Inch,182.33,March Buyer's Guide,22
Tools & Workshop,22 CLAMPS,150141,"4""/100mm Chain Pipe Wrench",732.82,March Buyer's Guide,22
Tools & Workshop,22 CLAMPS,150201,Pipe 25mm 90° Bent Nose Pipe Wrench,93.7,March Buyer's Guide,22
Tools & Workshop,HAND TOOLS 29,150203,50mm 90° Bent Nose High Pipe Wrench,224.01,August Buyer's Guide,29
Tools & Workshop,22 CLAMPS,151001,Nose 200mm Pipe Wrench Rapid High Carbon,130.45,March Buyer's Guide,22
Tools & Workshop,SCREWDRIVERS 21,151003,"18""/450mm Pipe",137.88,March Buyer's Guide,21
Accessories,4 4X4 AND OUTDOOR,15274,Black Jelly Belly Air Freshener For Mango Flavour,46.21,March Buyer's Guide,4
Parts,10 CHEMICALS,15362,Jelly Belly Air Freshener Berry Blue Fragrance,42.06,August Buyer's Guide,10
Auto Spares,WHEEL ACCESSORIES,155-12,"Tube 155-12"" TR13",54.01,September Buyer's Guide,22
Accessories,ELECTRICAL SPARES,156C,Set 100X45mm Clear Spotlights,126.27,September Buyer's Guide,11
Accessories,4 4X4 AND OUTDOOR,15710JB,Jelly Belly Duo Freshener Very Cherry Flavour,57.8,March Buyer's Guide,4
Accessories,SPARE PARTS 9,15809,Renault Thermostat Fiat 89 Aurisx/Avensis/Corolla,83.93,March Buyer's Guide,9
Parts,10 SPARE PARTS,16002,Mazda Rear Main Flange With 1.4-1.6 (BLM-BAH)2,257.62,March Buyer's Guide,10
Tools & Workshop,16 HAND TOOLS,160101,Tweezers 250mm Hand Pop,75.79,March Buyer's Guide,16
Tools & Workshop,16 HAND TOOLS,160103,295mm Hand Riveter 360 Degree Rotary,143.62,March Buyer's Guide,16
Tools & Workshop,16 HAND TOOLS,160104,"Riveter With 10.5""/250mm Hand Head Riveter With 60 Rivets",137.93,March Buyer's Guide,16
Tools & Workshop,16 HAND TOOLS,160302,Hand Pop 810mm Concertina Rivets Tong Riveter,341.43,March Buyer's Guide,16
Tools & Workshop,16 HAND TOOLS,160501,Lazy Heavy Duty Hand,337.51,March Buyer's Guide,16
Tools & Workshop,16 HAND TOOLS,160802,Riveter 190mm Hand Nut Nut Size:M3/M4/M5/M6,430.25,March Buyer's Guide,16
Tools & Workshop,16 HAND TOOLS,160812,Gecko Heavy Duty With Molly Bolts,336.54,March Buyer's Guide,16
Parts,PVC-W PVC-Y C5-030-70 C5-028-1 C5-036B,161002,Grey 50pce Pop Rivets Plug 3.2X6.4mm,7.62,May Buyers Guide,32
Tools & Workshop,32 CONSUMABLES,161003,Spiral 50pce Pop Rivets 4.0X9.5mm,16.6,July Buyer's Guide,32
Parts,SPARE PARTS 11,16305,Cylinder Concentric Slave 11mm AM-Fiesta/ Focus/Icon/Soho,458.06,March Buyer's Guide,11
Parts,SPARE PARTS 11,16309,Cylinder Concentric Slave Clio-Kangoo-Laguna NP200-Tiida,534.72,March Buyer's Guide,11
Parts,SPARE PARTS 11,164-10B,"Outer CV Boot Nissan Sentra 140, 160, 2.0",47.76,March Buyer's Guide,11
Parts,SPARE PARTS 11,16626,Engine Mounting Opel Corsa (C)Frt Lt Corsa Utility AR8236,383.89,March Buyer's Guide,11
Tools & Workshop,6 GAUGES,16814,Sensor Crankshaft Position Sensor Nissan Almera 1.8,160.07,March Buyer's Guide,6
Tools & Workshop,16 HAND TOOLS,170101,"Riveter, 3 In 1 Heavy Duty Gun 4-8mm",83.01,March Buyer's Guide,16
Tools & Workshop,16 HAND TOOLS,170104,Heavy Duty Tacker Staple Hammer Staple Size 6-14mm,229.66,March Buyer's Guide,16
Tools & Workshop,16 HAND TOOLS,170107,"5-In1 Aluminum Size Gun (Staple:T20/25/50, Nail: Novus J Esco Pin:18 Ga)",230.58,March Buyer's Guide,16
Tools & Workshop,16 HAND TOOLS,170120,Staple Heavy Duty Staple Remover,41.93,March Buyer's Guide,16
Parts,PVC-W PVC-Y C5-030-70 C5-028-1 C5-036B,171010,5000pce 10J Series Staple 1010J Length:10.0mm Crown:11.2mm,38.81,May Buyers Guide,32
Parts,PVC-W PVC-Y C5-030-70 C5-028-1 C5-036B,171013,5000pce 10J Series Staples 1013J Length:13.0mm Crown:11.2mm,45.46,May Buyers Guide,32
Parts,PVC-W PVC-Y C5-030-70 C5-028-1 C5-036B,171019,5000pce Staples 10J Series,54.36,May Buyers Guide,32
Accessories,4X4 AND OUTDOOR 5,1710WP,Small Silver Car Cover Size 406X165X119cm Waterproof & UV Resistant Universal,511.27,August Buyer's Guide,5
Parts,PVC-W PVC-Y C5-030-70 C5-028-1 C5-036B,171825,5000pce F25 Series,48.26,May Buyers Guide,32
Tools & Workshop,CONSUMABLES 27,171830,O-Ring 5000pce F30 Series,92.62,March Buyer's Guide,27
Parts,PVC-W PVC-Y C5-030-70 C5-028-1 C5-036B,171840,Series Nails 5000pce F40 Series,83.36,May Buyers Guide,32
Tools & Workshop,CONSUMABLES 27,171850,Series Nails 5000pce F50 Series,141.17,March Buyer's Guide,27
Accessories,4 4X4 AND OUTDOOR,1720WP,Triangle Medium Silver Car Size 431X165X119cm Waterproof & UV Resistant Universal,478.69,March Buyer's Guide,4
Parts,6 DOOR PARTS,1730WP,Car Cover Silver Large W/Proof,526.16,Feb Buyer's Guide,6
Accessories,4X4 AND OUTDOOR 5,1740WP,Cover Xlarge Silver Car Cover Size 533X177X119cm Waterproof & UV Resistant Universal,543.69,August Buyer's Guide,5
Parts,SPARE PARTS 9,17460,Set Golf 1 Boot Lock Round 1-Citi Boot Lock &,105.55,March Buyer's Guide,9
Accessories,WHEEL ACCESSORIES 27,175/185-15,"Tube 175/185-15 TR15",75.11,July Buyer's Guide,27
Accessories,4 4X4 AND OUTDOOR,1750WP,Cover XXlarge Silver Car Size 571X177X119cm Waterproof & UV Resistant Universal,626.89,March Buyer's Guide,4
Parts,8 AUTOMOTIVE ELECTRICAL,17590,Oil Control Valve Corsa (B-C) Corolla,296.08,March Buyer's Guide,8
Tools & Workshop,CONSUMABLES 27,176425,Series Nails 1000pce ST25 Series Concrete Nials L:25mm,45.18,March Buyer's Guide,27
Tools & Workshop,CONSUMABLES 27,176432,1000pce ST32 Series Concrete Nials L:32mm,77.32,March Buyer's Guide,27
Tools & Workshop,CONSUMABLES 27,176438,1000pce ST38 Series Concrete Nials L:38mm,102.61,March Buyer's Guide,27
Parts,PVC-W PVC-Y C5-030-70 C5-028-1 C5-036B,176450,Series Nails 1000pce ST50 Series Concrete Nials L:50mm,89.09,May Buyers Guide,32
Tools & Workshop,30 PLIERS,176464,Glue 1000pce St64 Series Concrete Nials L:64mm,151.04,August Buyer's Guide,30
Parts,10 SPARE PARTS,17783,Polo Rear Main Seal Flange Golf/Jetta/Kombi,196.31,March Buyer's Guide,10
Hardware,PADLOCKS,180001,1pce 20mm Heavy Duty Aluminum Padlock With 2 Keys,35.18,September Buyer's Guide,31
Parts,28 SAFETY,180002,Duty 1pce 30mm Heavy With Aluminum Padlock 2 Keys,42.8,March Buyer's Guide,28
Parts,28 SAFETY,180003,Duty 1pce 40mm Heavy With Aluminum Padlock 2 Keys,57.31,March Buyer's Guide,28
Parts,28 SAFETY,180004,1pce 50mm Heavy Aluminum Padlock 2 Keys,98.96,March Buyer's Guide,28
Parts,28 SAFETY,180005,Duty 1pce 60mm Heavy With Aluminum Padlock 2 Keys,113.85,March Buyer's Guide,28
Hardware,PADLOCKS,180101,Brass Number Padlock 21X10X30mm 48G,60.63,September Buyer's Guide,31
Hardware,PADLOCKS,180114,PADLOCKS 50mm Combination Padlock With Number Dial,32.59,September Buyer's Guide,31
Tools & Workshop,ABRASIVES 31,180203,Padlocks 1pce 40mm Heavy Duty Brass Padlock With 3pce Keys,88.21,August Buyer's Guide,31
Tools & Workshop,ABRASIVES 31,180205,Padlock Set 60mm Brass Padlocks With 3 Keys 395G,192.48,August Buyer's Guide,31
Parts,28 SAFETY,180223,Combination 2pce 38mm Heavy Brass Padlocks Set 3pce Keys,109.49,March Buyer's Guide,28
Hardware,PADLOCKS,180301,"20mm Iron Padlock , 28.6G Brass Barrel With 3pce Keys",13.16,September Buyer's Guide,31
Parts,28 SAFETY,180302,"25mm Iron Padlock, 48G Brass Barrel With 3pce Keys",15.44,March Buyer's Guide,28
Parts,28 SAFETY,180304,1pce 34mm Heavy Duty Iron Padlocks With 3pce Keys,32.15,March Buyer's Guide,28
Parts,28 SAFETY,180305,50mm Heavy Duty Iron Padlock With 3pce Keys,45.95,March Buyer's Guide,28
Parts,28 SAFETY,180306,1pce 60mm Heavy Iron Padlock With Keys,72.38,March Buyer's Guide,28
Parts,28 SAFETY,180403,Rectangular Brass Padlock 80X18X52mm,180.2,March Buyer's Guide,28
Parts,28 SAFETY,180404,1pce 90X18X58mm Rectangular Brass Padlock With 3pce,217.52,March Buyer's Guide,28
Tools & Workshop,CONSUMABLES 27,180603,Disc Brake Lock 10mm Thick 2Keys,96.28,March Buyer's Guide,27
